BorrowerID,BorrowerName,MembershipType,OverdueFeesAmount
0001,Jacqueline Piercy,Weekly,14.93
0002,Steven Wiseman,Monthly,15.83
0003,Christine Fitzgerald,Semi-Annually,10.66
0004,Janice Williams,Monthly,8.8
0005,Mildred Claycomb,Weekly,11.33
0006,Edward Decinti,Semi-Annually,35.47
0007,Susan Brooks,Monthly,6.33
0008,Robert Bennett,Annually,24.11
0009,Anthony Shirah,Annually,18.42
0010,Vicki Kim,Monthly,22.65
0011,Regan Gothard,Lifetime,16.72
0012,Margie Heston,Lifetime,7.04
0013,Andrew Tockey,Semi-Annually,9.99
0014,Dennis Randolph,Annually,19.88
0015,Stuart Cordero,Annually,4.29
0016,Lanny Stiltner,Weekly,6.42
0017,Mitchell Bond,Semi-Annually,0.23
0018,Yvette Mulvihill,Lifetime,32.98
0019,Jimmie Flax,Annually,31.46
0020,Joan Hollins,Semi-Annually,3.17
0021,Sandra Davis,Monthly,4.49
0022,Richard Cantell,Monthly,11.0
0023,Erick Haran,Monthly,1.9
0024,Orville Sechrist,Semi-Annually,17.47
0025,Samuel Sosa,Weekly,21.25
0026,Juan Nichols,Monthly,12.82
0027,Dan Young,Semi-Annually,47.66
0028,Eugene Leslie,Lifetime,4.96
0029,Sallie Mascia,Annually,34.0
0030,Darryl Ott,Weekly,5.27
0031,Samuel Hammond,Semi-Annually,1.98
0032,Georgette Cline,Semi-Annually,23.2
0033,Justin Joseph,Weekly,13.92
0034,Tonya Shockey,Weekly,22.71
0035,Albert Caspari,Lifetime,16.22
0036,Aaron Cunningham,Semi-Annually,22.97
0037,Robert Quintanilla,Semi-Annually,3.41
0038,James Palmer,Weekly,13.34
0039,William Martin,Monthly,18.51
0040,Gary Jesse,Weekly,17.38
0041,Ruth Wells,Monthly,32.21
0042,Diane Suddoth,Lifetime,3.16
0043,Michael Hayes,Monthly,6.1
0044,Daine Judge,Weekly,2.97
0045,Robert Moore,Monthly,7.58
0046,Jeanmarie Robinson,Weekly,25.61
0047,Sheldon Schwartz,Weekly,14.18
0048,Barbara Carter,Lifetime,7.22
0049,Marvin Garcia,Semi-Annually,15.89
0050,Robert Altamirano,Monthly,13.68
0051,Anita Rogers,Weekly,5.31
0052,Nina Rice,Lifetime,20.87
0053,Hailey Cauley,Annually,6.68
0054,Bob May,Annually,6.85
0055,Mike Grandy,Weekly,14.39
0056,Helen Myers,Semi-Annually,17.19
0057,Brandon Hector,Monthly,9.71
0058,William Manion,Semi-Annually,19.55
0059,Jo Wilkins,Monthly,19.87
0060,David Arnold,Weekly,27.98
0061,Rhonda Roseman,Annually,14.73
0062,Glenn Neuman,Monthly,10.11
0063,Jeffery Henricks,Weekly,22.4
0064,Alex Ryans,Weekly,10.24
0065,Denita Myrick,Monthly,41.23
0066,Richard Rickett,Monthly,52.79
0067,Frederick Hendricks,Semi-Annually,5.3
0068,Logan Cornell,Lifetime,4.27
0069,Mary Paletta,Weekly,3.18
0070,Anne Roby,Weekly,24.1
0071,Antoine Green,Semi-Annually,6.67
0072,Dudley Treible,Semi-Annually,21.71
0073,Ervin Brown,Annually,26.94
0074,Denny Barth,Lifetime,0.37
0075,Sean Dryden,Monthly,30.93
0076,Adam Willadsen,Weekly,9.22
0077,Mark Small,Semi-Annually,14.06
0078,Mary Towner,Semi-Annually,8.01
0079,Robert Akers,Lifetime,28.94
0080,Brian Riley,Annually,41.83
0081,Marie Shone,Lifetime,0.36
0082,Joseph Szczesny,Monthly,27.83
0083,Lindsey Bledsoe,Weekly,15.1
0084,Rae Kim,Annually,8.35
0085,Barbara Hennessy,Annually,6.57
0086,Augustus Bauer,Annually,16.59
0087,Kimberly Turner,Lifetime,11.27
0088,Barbara Mcdermott,Annually,14.21
0089,Kimberly Ayer,Weekly,13.57
0090,Pauline Hastings,Lifetime,11.28
0091,Deborah Munoz,Weekly,1.45
0092,Darryl Ewers,Semi-Annually,21.22
0093,Patricia Corley,Lifetime,0.61
0094,James Juarez,Lifetime,14.9
0095,Adam Hoerner,Monthly,25.0
0096,Marvin Ware,Semi-Annually,17.75
0097,Kim Johnson,Weekly,10.59
0098,Michael Brewer,Monthly,31.34
0099,Madelyn Lingenfelter,Weekly,2.67
0100,Sue Holtgrewe,Annually,1.66
0101,Brian Schaff,Monthly,2.83
0102,Barbara Cutler,Weekly,25.0
0103,Virginia Brumfield,Annually,41.94
0104,Anthony Rucker,Semi-Annually,7.89
0105,Robert Grisham,Annually,4.54
0106,Jason Powell,Weekly,17.19
0107,Mary Haley,Monthly,16.59
0108,Hector Cherry,Weekly,7.69
0109,Teresa Cook,Annually,8.26
0110,Richard Bommarito,Monthly,35.35
0111,Lillian Low,Monthly,35.83
0112,Olive Bridges,Lifetime,46.06
0113,Michael Jones,Monthly,32.36
0114,Katie White,Monthly,8.36
0115,Nancy Womack,Monthly,5.93
0116,Gary Flanagan,Semi-Annually,33.49
0117,Peggy Stracke,Semi-Annually,3.46
0118,Andrea Jackson,Semi-Annually,26.68
0119,Leonard Self,Semi-Annually,7.94
0120,Delmer Meeks,Lifetime,47.06
0121,Helen Edgehill,Lifetime,10.83
0122,Carolyn Mcshea,Weekly,12.44
0123,Ricky Newton,Monthly,4.22
0124,Donna Comstock,Semi-Annually,33.36
0125,Tricia Cloud,Lifetime,5.67
0126,Geneva Bade,Semi-Annually,7.61
0127,Sharon Rawson,Monthly,17.77
0128,Tara Farber,Monthly,11.28
0129,Clayton Ogrodowicz,Monthly,21.89
0130,Meghann Legault,Annually,7.93
0131,Ricardo Stevens,Annually,5.75
0132,Dan Banks,Annually,1.09
0133,Terrence Abramowski,Weekly,22.05
0134,Manuela Wilson,Monthly,38.61
0135,Gary Sweet,Annually,5.06
0136,Lewis Evans,Semi-Annually,0.95
0137,Manuel Lodge,Lifetime,9.88
0138,Molly Berg,Lifetime,8.64
0139,George Bouchard,Annually,19.86
0140,Elizabeth Lee,Weekly,8.48
0141,Alan Smith,Lifetime,21.08
0142,Jeremiah Davis,Monthly,31.29
0143,Alice Holmes,Lifetime,18.68
0144,Jill Mettler,Annually,2.7
0145,Gladys Stewart,Monthly,6.67
0146,Thomas Houston,Lifetime,11.63
0147,Steven Dunson,Lifetime,13.67
0148,Abby Porter,Semi-Annually,16.01
0149,Bradley Maginnis,Monthly,36.43
0150,Bryan Bell,Monthly,8.45
0151,Mark Banister,Weekly,26.47
0152,Clarence Tate,Monthly,6.35
0153,Dale Romeo,Monthly,21.45
0154,Larry Compton,Annually,7.87
0155,James Mccain,Lifetime,25.77
0156,Irene Wojciechowski,Semi-Annually,38.01
0157,Silvia Howard,Lifetime,6.78
0158,Larry Gillies,Weekly,36.52
0159,Judith Mccann,Annually,26.23
0160,Ebony Pierson,Monthly,25.34
0161,Mary Shepherd,Semi-Annually,25.92
0162,Stephanie Hinkle,Lifetime,20.71
0163,Michelle Thomson,Monthly,20.03
0164,Marcus Williams,Semi-Annually,2.42
0165,Ernestine Taylor,Monthly,10.44
0166,Charlene Medina,Monthly,2.49
0167,John Leesman,Semi-Annually,26.83
0168,Jonathan Moton,Semi-Annually,15.7
0169,Margaret Hale,Monthly,29.03
0170,Velvet Zurita,Annually,0.09
0171,Bryan Nieman,Monthly,25.84
0172,Margaret Rios,Monthly,1.3
0173,Bonnie Bass,Lifetime,18.43
0174,Bobbie Tomita,Weekly,32.43
0175,Ricky Kirchner,Semi-Annually,15.92
0176,Rudolph Figueroa,Lifetime,34.32
0177,Raymond Ortiz,Weekly,8.49
0178,Patricia White,Semi-Annually,20.29
0179,Kristina Hu,Semi-Annually,9.46
0180,Loren Hasty,Annually,17.56
0181,Daniel Adams,Monthly,14.19
0182,Ana Braunstein,Semi-Annually,6.97
0183,Larry Paniagua,Lifetime,16.38
0184,Frank Merle,Annually,8.55
0185,Jessie Orser,Monthly,4.11
0186,Javier Mccoy,Weekly,0.26
0187,Bradley Reiter,Semi-Annually,9.14
0188,Edwin Conway,Annually,6.76
0189,Jeanelle Gauze,Weekly,13.84
0190,Brian Vansickle,Semi-Annually,6.93
0191,Dorothy Plotts,Lifetime,34.94
0192,Fern Thompson,Monthly,18.74
0193,Annette Bair,Monthly,8.06
0194,Madeline Greene,Weekly,13.24
0195,Francis Cervantes,Annually,27.87
0196,Agnes Ruiz,Lifetime,18.64
0197,Marylou Creswell,Weekly,7.27
0198,Rose Calhoun,Monthly,4.65
0199,Richard Anguiano,Weekly,5.9
0200,Kenneth Olson,Weekly,8.07
0201,Jeff Knight,Semi-Annually,27.68
0202,Mary Agosto,Monthly,19.7
0203,Verena Contreras,Lifetime,26.59
0204,Muriel Gray,Semi-Annually,22.25
0205,Patricia Hernande,Semi-Annually,1.91
0206,Joshua Johnson,Monthly,17.51
0207,Elizabeth Mcglone,Lifetime,16.72
0208,Kathleen Putnam,Lifetime,31.47
0209,John Velez,Monthly,6.18
0210,Samuel Fulton,Semi-Annually,2.73
0211,Joyce Runion,Annually,6.76
0212,Chris Carter,Semi-Annually,37.39
0213,Stanley Prince,Semi-Annually,22.76
0214,Linda Manders,Weekly,7.03
0215,Marcella Lester,Annually,71.71
0216,Victoria Arellano,Semi-Annually,13.68
0217,Jenna Pushard,Semi-Annually,15.98
0218,Cindy Long,Weekly,15.81
0219,Candy Campbell,Annually,0.19
0220,Albert Henson,Monthly,0.27
0221,Megan Vancamp,Annually,20.89
0222,Sybil Carroll,Annually,18.29
0223,Shawana Frank,Semi-Annually,3.22
0224,John Stromme,Weekly,28.36
0225,Beverly Marcella,Monthly,4.77
0226,Jennifer Burton,Annually,17.67
0227,Mark Dunn,Annually,18.82
0228,Bradley Lau,Monthly,0.63
0229,Maria Halford,Weekly,20.84
0230,Sandra Vasquez,Monthly,13.14
0231,Cecilia Fontenot,Semi-Annually,9.09
0232,Heather Morris,Lifetime,28.18
0233,Brittany Verble,Annually,4.79
0234,Gary Herzog,Weekly,22.13
0235,Evelyn Fletcher,Semi-Annually,6.9
0236,Irene Cooper,Lifetime,32.72
0237,David Quarles,Annually,0.81
0238,Rebecca Obrien,Lifetime,0.01
0239,Martha Jacob,Annually,50.46
0240,Nancy Cole,Annually,6.36
0241,Robert Masker,Semi-Annually,26.15
0242,Alice Bailey,Annually,9.6
0243,Felicia Hale,Lifetime,35.89
0244,Robert Hawkins,Annually,4.8
0245,Katelyn Patterson,Lifetime,26.27
0246,Larry Whittle,Monthly,6.6
0247,Daniel Mercado,Semi-Annually,41.57
0248,Willie Olivarez,Monthly,30.92
0249,Laurie Aldrich,Semi-Annually,7.73
0250,Dorthy Bogard,Monthly,1.77
0251,Latasha Cervantes,Semi-Annually,1.39
0252,Kathryn Vinyard,Semi-Annually,29.25
0253,Latasha Simpson,Weekly,29.47
0254,Albert Sampson,Weekly,29.09
0255,Seth Harris,Semi-Annually,8.64
0256,Zachary Bogdan,Weekly,10.27
0257,Lora Brady,Monthly,11.85
0258,Elizabeth Fuller,Semi-Annually,9.37
0259,Judy Waligora,Lifetime,6.23
0260,David Sutton,Semi-Annually,4.07
0261,Sima Gold,Semi-Annually,5.06
0262,Maria Skursky,Annually,25.6
0263,Vivian Paladino,Semi-Annually,12.61
0264,Theresa Dyar,Monthly,24.27
0265,Latasha Byard,Annually,15.26
0266,Gilbert Schmidt,Monthly,27.31
0267,Roberto Lerma,Monthly,8.91
0268,Charles Shuler,Monthly,24.38
0269,David Berg,Annually,7.96
0270,Charlotte Morgan,Semi-Annually,45.83
0271,Bradley Branch,Annually,3.48
0272,Kathryn Chapman,Lifetime,17.0
0273,Lashanda Casey,Monthly,5.65
0274,Daniel Andrews,Lifetime,36.02
0275,Nancy Reyes,Annually,22.72
0276,Robert Cooper,Annually,6.59
0277,Luis Babcock,Annually,3.7
0278,Ken Mckeon,Semi-Annually,0.66
0279,Cora Pries,Annually,18.82
0280,Megan Cosgrove,Monthly,10.23
0281,Nicholas Russell,Semi-Annually,1.22
0282,David Williams,Weekly,0.53
0283,Emery Mcleod,Annually,3.21
0284,Laurie Allison,Weekly,18.1
0285,Robert Huelle,Monthly,31.04
0286,Thelma Braxton,Weekly,3.49
0287,Jennifer Diehl,Semi-Annually,40.13
0288,Craig Zoellner,Annually,5.3
0289,Brian Thomas,Weekly,2.27
0290,Bonita Smith,Weekly,28.38
0291,Patricia Brock,Weekly,17.24
0292,Mary Mork,Lifetime,42.27
0293,Henry Bailey,Lifetime,9.33
0294,Mitchell Bauer,Annually,7.97
0295,Gerald Ash,Lifetime,29.28
0296,Dan Fekete,Weekly,34.27
0297,Keith Jeanbaptiste,Lifetime,23.08
0298,Nancy Bock,Lifetime,24.46
0299,William Besaw,Lifetime,17.82
0300,Margery Bullard,Weekly,12.74
0301,Sara Smith,Semi-Annually,37.95
0302,William Christian,Semi-Annually,21.86
0303,Thomas Davidson,Lifetime,13.59
0304,Leslie Davidson,Monthly,7.77
0305,Jennifer Morris,Lifetime,9.1
0306,Mary Atkinson,Monthly,30.18
0307,Michael Olson,Monthly,12.31
0308,Peter Cox,Weekly,6.57
0309,Miguel Creech,Semi-Annually,6.2
0310,Iris Chapman,Semi-Annually,7.29
0311,Frances Brown,Monthly,11.53
0312,Robert Jamison,Semi-Annually,41.54
0313,Lucas Jageman,Weekly,12.92
0314,William Randall,Annually,39.49
0315,Marilyn Mclellan,Lifetime,0.6
0316,Shirley Fagnani,Semi-Annually,27.78
0317,Pamela Barnes,Weekly,27.32
0318,Cynthia Dean,Annually,1.24
0319,Jason Dougherty,Semi-Annually,3.42
0320,Brenda Smith,Monthly,6.05
0321,Gerald Kim,Annually,7.7
0322,Thomas Payne,Annually,12.24
0323,Bobby Steere,Semi-Annually,7.99
0324,Barbara Jackson,Weekly,20.92
0325,Kathleen Rodriguez,Semi-Annually,32.85
0326,Stephanie Bradley,Annually,1.05
0327,Jamie Porterfield,Annually,7.51
0328,Courtney Zhou,Monthly,10.34
0329,Peter Miller,Lifetime,11.62
0330,Michael Troilo,Annually,19.84
0331,June Mann,Weekly,31.87
0332,Joan Houchins,Lifetime,42.71
0333,Marilyn Schnitker,Monthly,13.29
0334,Dillon Hall,Semi-Annually,5.58
0335,John Coyt,Semi-Annually,17.55
0336,Lucille Kirkland,Annually,23.28
0337,Rita Rankin,Weekly,21.84
0338,Juanita Austin,Lifetime,16.78
0339,Delores Stamper,Lifetime,23.88
0340,Emanuel Clark,Semi-Annually,9.43
0341,Cathleen Davila,Lifetime,23.13
0342,Herman Lai,Monthly,19.16
0343,Ricky Lowe,Annually,7.46
0344,Sue Huntsberger,Monthly,34.19
0345,Patricia Williams,Annually,0.73
0346,Shirley Kulick,Semi-Annually,5.54
0347,Stacy Johnson,Semi-Annually,3.08
0348,Fernando Brown,Lifetime,21.26
0349,Shira Francis,Monthly,5.4
0350,Patricia Aleo,Lifetime,6.86
0351,Jeremy Clark,Semi-Annually,1.06
0352,Deborah Linn,Monthly,11.85
0353,Sam Camacho,Monthly,1.13
0354,Lucio Hollack,Annually,45.79
0355,Jessie Mathey,Weekly,3.06
0356,Scott Cogan,Lifetime,43.35
0357,Helen Crosby,Semi-Annually,3.25
0358,Joesph Spalla,Monthly,11.27
0359,Laurie Prill,Monthly,13.54
0360,Kathy Rubio,Weekly,14.35
0361,Patrick Heelan,Monthly,0.96
0362,Rose Smith,Lifetime,13.19
0363,Kenneth Worley,Weekly,14.33
0364,Johnathon Preston,Semi-Annually,19.74
0365,Theresa Smith,Semi-Annually,0.19
0366,Annie Bell,Monthly,13.18
0367,William Erwin,Lifetime,1.95
0368,Maria Mcduffie,Semi-Annually,4.91
0369,Tammy Gonzalez,Lifetime,13.25
0370,Patricia Shultz,Semi-Annually,2.96
0371,Teri West,Lifetime,41.47
0372,Andrea Krueger,Monthly,15.95
0373,Lloyd Bankard,Lifetime,56.19
0374,Tanya Hall,Lifetime,21.69
0375,Bryant Woodward,Weekly,12.26
0376,Cameron Thompson,Weekly,17.86
0377,Louella Berger,Lifetime,10.55
0378,Franklyn Duncan,Lifetime,16.25
0379,Hubert William,Weekly,0.81
0380,Christopher Jasso,Weekly,14.38
0381,James Chavez,Annually,15.02
0382,Minnie Streeter,Weekly,18.55
0383,Eugene Chastain,Semi-Annually,33.88
0384,Angle Feliciano,Weekly,10.88
0385,Debra Noonan,Monthly,7.23
0386,Robert Byrd,Lifetime,8.57
0387,Sheree Dalton,Weekly,17.13
0388,Carolyn Ferguson,Semi-Annually,21.25
0389,Henry Torres,Semi-Annually,14.96
0390,Alan Rosado,Lifetime,20.07
0391,Teresa Mcmahan,Weekly,19.79
0392,Mark Mcanally,Lifetime,42.89
0393,Isaac Mascagni,Semi-Annually,43.6
0394,David Ferrari,Annually,17.19
0395,Stephen Stewart,Semi-Annually,5.34
0396,Tracy Maldonado,Annually,19.53
0397,William Reddy,Monthly,14.22
0398,Myrna Bowen,Semi-Annually,1.3
0399,Amy Tapia,Semi-Annually,27.8
0400,Norma Cohen,Weekly,3.79
0401,Oscar Schmitz,Annually,13.59
0402,Gregory Babin,Weekly,52.24
0403,Luis Smith,Lifetime,3.33
0404,Sylvia Gordon,Lifetime,1.07
0405,Elsie Smith,Semi-Annually,1.71
0406,Jason Burlison,Annually,12.62
0407,Jacqueline Hester,Monthly,2.2
0408,Harold Rice,Annually,30.39
0409,Odessa Cokley,Monthly,10.92
0410,Walter Ropp,Weekly,21.15
0411,Eleanor Griffin,Monthly,33.43
0412,Danielle Barker,Monthly,5.31
0413,Robert Gross,Annually,48.48
0414,Verena Contreras,Lifetime,26.59
0415,Marjorie Brockington,Semi-Annually,27.33
0416,Randi Holmes,Monthly,15.32
0417,Andrew Rahman,Monthly,24.0
0418,Francis Broderick,Annually,20.11
0419,Nina Pinnock,Semi-Annually,42.31
0420,Danny Stickles,Annually,19.59
0421,Donald Sansone,Weekly,6.1
0422,Pauline Browning,Monthly,1.03
0423,Erik Mickle,Lifetime,7.0
0424,James Grumet,Annually,31.58
0425,Gary Nastasi,Monthly,11.6
0426,Leah Nelson,Weekly,6.42
0427,James Daniel,Annually,24.33
0428,Doris Haynes,Monthly,27.22
0429,Angela Lau,Lifetime,1.78
0430,Donald Alvarez,Annually,25.3
0431,Joseph Doe,Lifetime,17.32
0432,George Hayes,Monthly,3.64
0433,David Rodriquez,Semi-Annually,21.13
0434,Juana Mcglaughlin,Semi-Annually,9.94
0435,Susan Berard,Semi-Annually,7.18
0436,Terrell Taylor,Annually,2.18
0437,Maria Livingston,Semi-Annually,42.69
0438,Verena Contreras,Lifetime,26.59
0439,Esther Anderson,Lifetime,11.68
0440,Gary Graves,Semi-Annually,4.32
0441,Harry Farley,Semi-Annually,16.15
0442,Rebecca Hicks,Monthly,23.62
0443,Brian Mcdermond,Monthly,3.9
0444,Steven Bake,Semi-Annually,6.12
0445,Dale Edwards,Weekly,16.96
0446,Melinda Yamakawa,Monthly,12.48
0447,Robert Witherspoon,Monthly,6.43
0448,Michael Washington,Annually,3.62
0449,Bobby Schmit,Monthly,5.51
0450,Perry Brantley,Lifetime,18.5
0451,Roberta Hawkins,Semi-Annually,1.02
0452,Christopher Jasso,Weekly,14.38
0453,Zenobia Lewis,Lifetime,10.38
0454,Wendell Cunningham,Annually,19.72
0455,Kevin Schenck,Lifetime,11.41
0456,Ned Jones,Weekly,26.42
0457,Nancy Johnson,Weekly,46.59
0458,Heather Hoffpavir,Semi-Annually,16.13
0459,James Leutwiler,Annually,9.16
0460,June Lichty,Monthly,16.03
0461,Caroyln Gearhart,Lifetime,10.05
0462,Martha Wuertz,Semi-Annually,24.79
0463,Michael Monahan,Monthly,7.37
0464,Victor Jones,Monthly,5.14
0465,Theresa Shubert,Lifetime,16.8
0466,Cathleen Williams,Semi-Annually,20.45
0467,Henrietta Dean,Weekly,12.91
0468,Paula Liggins,Semi-Annually,6.67
0469,Donna Allen,Lifetime,4.89
0470,Jenny Sung,Annually,31.58
0471,Claire Gibson,Semi-Annually,17.94
0472,Bruce Burkhardt,Monthly,71.71
0473,Lori Soden,Weekly,4.63
0474,Marie Bellerose,Monthly,26.19
0475,Maria Ambrose,Semi-Annually,30.22
0476,Diana Shook,Monthly,31.01
0477,Christine Jones,Weekly,28.04
0478,Karan Carney,Lifetime,12.58
0479,Blanca Lockard,Weekly,34.36
0480,Jacob Williamson,Semi-Annually,14.7
0481,Kathryn Kelly,Annually,15.93
0482,Harry Mangual,Lifetime,17.55
0483,Robert Murray,Monthly,28.67
0484,Jason Lovell,Weekly,35.23
0485,James Monaghan,Weekly,20.83
0486,Todd Andrews,Weekly,6.67
0487,Rickie Dodge,Lifetime,4.51
0488,Lucille Morse,Monthly,12.85
0489,Viola Horton,Weekly,0.37
0490,Patrick Clouston,Lifetime,13.18
0491,Andrew Ward,Annually,0.06
0492,Linda Keller,Semi-Annually,4.36
0493,Robin Flint,Semi-Annually,19.79
0494,Dennis Colon,Monthly,6.19
0495,Scott Andrade,Lifetime,19.2
0496,Andrea Keating,Monthly,14.83
0497,Thomas Partridge,Annually,0.25
0498,Marilyn Gall,Semi-Annually,14.05
0499,Antione Bell,Semi-Annually,14.49
0500,Clarence Mueller,Weekly,1.1
0501,Joe Denis,Lifetime,0.79
0502,Freda Mountain,Lifetime,10.05
0503,Anthony Hurd,Weekly,9.47
0504,Raymond Mcelroy,Weekly,47.84
0505,Paul Spraggins,Lifetime,46.59
0506,Karen Bishop,Monthly,2.93
0507,Cathy Green,Monthly,8.86
0508,Tom Webster,Lifetime,13.72
0509,Ernestine Carter,Annually,29.24
0510,Kimberlee Pizzo,Monthly,5.18
0511,Steven Nixon,Semi-Annually,4.1
0512,Nikki Cabrera,Annually,2.83
0513,Hazel Aguilera,Semi-Annually,1.15
0514,Bryan Krug,Monthly,9.09
0515,Michael Bryant,Lifetime,1.73
0516,Keith Bryant,Weekly,36.77
0517,Carla Herrera,Monthly,22.37
0518,Karissa Burmeister,Weekly,19.98
0519,John Amador,Semi-Annually,11.23
0520,Jesus Swift,Monthly,10.45
0521,Aaron Wingate,Monthly,2.43
0522,Melvin Bell,Annually,6.26
0523,John Fischer,Semi-Annually,31.8
0524,Leroy Beech,Lifetime,30.31
0525,Lewis Munoz,Semi-Annually,16.25
0526,Jerry Olinger,Lifetime,3.14
0527,Charles Burke,Semi-Annually,17.16
0528,Helen Scrabeck,Monthly,1.64
0529,Tamela Ornelas,Monthly,10.79
0530,Lawrence Banister,Lifetime,13.64
0531,Raymond Mckenize,Semi-Annually,6.45
0532,Robert Bodin,Weekly,0.77
0533,Alma Rock,Annually,18.48
0534,Maria Huerta,Semi-Annually,0.89
0535,Scott Hawkins,Monthly,25.88
0536,Joseph Saito,Semi-Annually,29.41
0537,Christine Mccall,Lifetime,60.0
0538,Carlos Mcdonald,Lifetime,5.12
0539,John Nagle,Annually,16.53
0540,Megan Paulino,Annually,1.48
0541,Judy Barnett,Lifetime,10.68
0542,George Leach,Semi-Annually,22.85
0543,Lester Smith,Semi-Annually,25.29
0544,Margaret Pilgrim,Weekly,20.71
0545,Wesley Saunders,Lifetime,0.67
0546,Bryan Wilson,Lifetime,42.96
0547,Dusty Simpson,Monthly,7.68
0548,Cody James,Annually,31.33
0549,Dennis Beaver,Lifetime,55.82
0550,Beckie Perez,Annually,2.48
0551,Carmen Perry,Monthly,45.64
0552,Kari Chu,Annually,20.92
0553,Clinton Munoz,Semi-Annually,14.34
0554,Christopher Santos,Lifetime,12.06
0555,Robert Brimer,Annually,11.11
0556,Eddie Knott,Annually,35.53
0557,Catharine Taylor,Monthly,5.14
0558,Anna Cullins,Annually,8.57
0559,Frances Mihelich,Annually,11.28
0560,Rochelle Mckee,Monthly,21.42
0561,Brandon Leung,Lifetime,33.4
0562,Elizabeth Bello,Semi-Annually,13.2
0563,Andrew Otani,Semi-Annually,4.51
0564,Matthew Durant,Weekly,11.58
0565,Michael Parker,Monthly,14.73
0566,Ronda Hennessey,Annually,37.05
0567,Jane Lott,Weekly,7.29
0568,Daniel Wooten,Lifetime,5.48
0569,Sue Ross,Semi-Annually,24.34
0570,Connie Reeser,Annually,41.67
0571,Stephen Chase,Annually,19.99
0572,James Parker,Lifetime,10.97
0573,Michael Snyder,Weekly,25.51
0574,Blake Maille,Annually,28.46
0575,Andrew Alessandroni,Annually,2.83
0576,Ilona Lennon,Semi-Annually,10.41
0577,Catherine Ragland,Weekly,13.73
0578,Victoria Gammon,Semi-Annually,27.97
0579,Lawrence Hardman,Weekly,4.33
0580,Vincent Pecoraro,Lifetime,18.21
0581,Gary Davis,Annually,8.16
0582,Thelma Vrba,Semi-Annually,8.17
0583,Carla Lowe,Semi-Annually,11.47
0584,Faye Miller,Monthly,1.21
0585,Leroy Spicer,Semi-Annually,5.31
0586,Branden Walters,Semi-Annually,10.04
0587,Margie Necaise,Weekly,8.38
0588,Erik Mickle,Lifetime,7.0
0589,Gregory Kerce,Lifetime,20.41
0590,Jennifer Goodale,Monthly,15.35
0591,Lawrence Mcgill,Weekly,12.05
0592,Joseph Bridges,Semi-Annually,8.45
0593,Thomas Butler,Annually,10.53
0594,Joseph Cirino,Lifetime,25.36
0595,Mike Kelley,Monthly,1.08
0596,Mary Rodriguez,Monthly,16.04
0597,Adan Dufilho,Monthly,6.54
0598,Nicholas Munoz,Weekly,2.23
0599,Michael Petaway,Weekly,1.63
0600,Dorothy Kempton,Monthly,14.43
0601,Pete Scruggs,Monthly,5.15
0602,Melissa Thornton,Weekly,2.23
0603,Thomas Morgan,Lifetime,5.66
0604,David Mitchell,Annually,10.31
0605,Evelyn Tomlinson,Lifetime,8.88
0606,Bess Austin,Annually,13.9
0607,Laura Ancona,Lifetime,7.2
0608,Betty Webb,Lifetime,20.74
0609,Kathryn Landaker,Annually,33.32
0610,Brett Rollins,Lifetime,25.23
0611,Zoila Smoot,Monthly,38.96
0612,Eva Duncan,Lifetime,20.62
0613,Mary Rochat,Lifetime,7.97
0614,Phillip Hunter,Semi-Annually,8.73
0615,Felipe Filthaut,Weekly,24.89
0616,Dorothy Serrano,Annually,21.78
0617,Theresa Bickel,Lifetime,45.23
0618,Robin Osterberg,Annually,17.64
0619,James Glaze,Semi-Annually,27.48
0620,Joseph Riggs,Semi-Annually,26.02
0621,Anthony Hubbard,Annually,12.78
0622,Kyle Beckwith,Monthly,7.34
0623,Abel Conley,Semi-Annually,14.27
0624,Margaret Boyd,Semi-Annually,3.44
0625,Mary Aparicio,Monthly,45.04
0626,Deborah Mccorkle,Annually,24.27
0627,Joe Kelso,Weekly,2.85
0628,Mark Kellogg,Semi-Annually,9.52
0629,Levi Jones,Weekly,0.43
0630,Angelo Reed,Weekly,12.48
0631,Joseph Kallenberg,Lifetime,14.38
0632,Joseph Lee,Annually,35.27
0633,Ruth Jolly,Semi-Annually,1.19
0634,William Paul,Semi-Annually,21.84
0635,Tracey Sale,Annually,9.4
0636,Clayton Benson,Semi-Annually,25.99
0637,Joshua Swiger,Monthly,16.94
0638,Cherelle Mcalpine,Annually,15.1
0639,Brittany Maples,Annually,9.39
0640,Evelyn Breit,Lifetime,2.23
0641,Margaretta Roberts,Semi-Annually,12.78
0642,Mary Lukowski,Monthly,7.97
0643,Joanne Zelaya,Weekly,28.73
0644,Florentino Allman,Weekly,17.69
0645,John Moseley,Lifetime,8.61
0646,Margaret Powell,Lifetime,31.41
0647,Alice Santiago,Semi-Annually,10.25
0648,Forrest Spencer,Lifetime,25.07
0649,Dong Aikens,Monthly,28.68
0650,Mayra White,Lifetime,2.04
0651,Brandi Cannon,Weekly,19.5
0652,Antonio Miller,Monthly,9.9
0653,Jane Ramsey,Semi-Annually,21.54
0654,Lisa Patterson,Semi-Annually,29.31
0655,Juana Chan,Lifetime,3.92
0656,Patrick Bailey,Lifetime,16.06
0657,Vicki Cooke,Semi-Annually,17.54
0658,Glenda Chesnut,Annually,25.79
0659,Jerry Lopez,Weekly,7.84
0660,John Templeton,Lifetime,26.92
0661,Rodney Billingsley,Annually,23.33
0662,Katie Sanchez,Weekly,12.85
0663,Jeffrey Sparling,Lifetime,28.53
0664,Mable Bryant,Weekly,14.82
0665,Shawn Lindsay,Semi-Annually,19.34
0666,Louis Noeldner,Annually,0.12
0667,Constance Wagner,Monthly,12.46
0668,Eugene Castelluccio,Annually,0.59
0669,Joyce Lindsey,Weekly,9.06
0670,Virgil Clouse,Weekly,19.63
0671,Joseph Hicks,Monthly,9.72
0672,Bonnie Crawford,Lifetime,20.45
0673,Bobby Faley,Annually,43.72
0674,Gordon Knights,Weekly,7.01
0675,Kyle Parsons,Lifetime,13.87
0676,Johnnie Mcclure,Weekly,7.56
0677,Stephen Lind,Semi-Annually,6.45
0678,John Walch,Annually,25.67
0679,Charles Monaco,Monthly,11.7
0680,Carol Juarez,Lifetime,20.37
0681,James Howard,Weekly,12.17
0682,Roberta Kelly,Lifetime,22.21
0683,Gerald Sumpter,Monthly,17.22
0684,Jill Medina,Lifetime,30.52
0685,George Groner,Annually,49.02
0686,Rene Soos,Lifetime,3.92
0687,Harold Altschuler,Annually,13.64
0688,Sharon Walker,Semi-Annually,21.95
0689,Edward Cantrell,Monthly,12.76
0690,Mitchell Bernard,Annually,35.28
0691,Doug Dean,Lifetime,14.76
0692,Candy Contreras,Lifetime,35.27
0693,Elsie Duffield,Monthly,52.53
0694,Jennie Lovell,Annually,41.09
0695,Joseph Renfrow,Weekly,5.26
0696,Clifton Little,Annually,10.14
0697,David Torres,Semi-Annually,0.08
0698,Candice Booth,Monthly,33.99
0699,Marsha Oliver,Lifetime,7.57
0700,Scott Heitman,Semi-Annually,26.39
0701,Sarah Patton,Annually,19.2
0702,Gail Iglesias,Weekly,35.1
0703,Jefferson Haines,Semi-Annually,13.49
0704,Pedro Bullen,Annually,20.28
0705,Timothy Silago,Weekly,9.38
0706,Brian Hunter,Semi-Annually,15.78
0707,Willie Canada,Monthly,27.63
0708,Matthew Holman,Weekly,31.79
0709,Jesse Conner,Semi-Annually,23.09
0710,Angela Rama,Lifetime,62.4
0711,John Anthony,Semi-Annually,7.69
0712,Lucille Emch,Monthly,2.32
0713,Ginette Johnson,Monthly,6.89
0714,Mary Torres,Weekly,1.61
0715,Russell Riojas,Annually,4.72
0716,Donna Torres,Monthly,22.01
0717,Jacqueline Correla,Annually,43.33
0718,Joyce Berry,Annually,9.04
0719,Ada Abrial,Lifetime,14.63
0720,Joslyn Scott,Semi-Annually,1.94
0721,Jesse Hamilton,Semi-Annually,33.66
0722,May Teasley,Semi-Annually,25.14
0723,Dennis Ragsdale,Monthly,14.02
0724,Lamar Hickman,Weekly,1.27
0725,Jerome Martin,Lifetime,7.57
0726,Evelyn Altieri,Monthly,44.61
0727,Arthur Martin,Monthly,20.4
0728,Anna Fox,Semi-Annually,14.9
0729,Jessica Chappell,Lifetime,0.22
0730,Jesus Spurgeon,Monthly,25.84
0731,Larry Zertuche,Semi-Annually,6.78
0732,Sharon Reeves,Weekly,10.45
0733,Maria Barry,Annually,12.89
0734,Harold Morris,Lifetime,9.24
0735,Janna Phelps,Monthly,16.29
0736,Gladys Parish,Monthly,3.2
0737,Mark Smith,Lifetime,0.6
0738,Amber Cureton,Monthly,42.78
0739,Stefan Andrews,Weekly,8.27
0740,Frank Davis,Semi-Annually,15.18
0741,Bryan Brown,Annually,21.9
0742,Corey Turrubiates,Annually,5.1
0743,Lorraine Charles,Lifetime,18.4
0744,Christopher Jasso,Weekly,14.38
0745,Troy Young,Monthly,18.25
0746,Richard Sylvester,Lifetime,7.74
0747,Grady Stauffer,Monthly,11.39
0748,Holly Dumont,Semi-Annually,3.12
0749,Richard Orr,Lifetime,1.08
0750,Bradley Parris,Semi-Annually,2.0
0751,Brian Hamilton,Semi-Annually,4.68
0752,Brad Sciancalepore,Monthly,8.77
0753,Lisa Pinc,Weekly,0.2
0754,Lizette Bailey,Monthly,19.33
0755,Michael Kemp,Weekly,7.76
0756,Jeff Goodnight,Weekly,36.8
0757,Michael Dimarco,Lifetime,12.95
0758,Bryan Dean,Monthly,3.06
0759,Anthony Benson,Weekly,17.26
0760,Katherine Jordan,Monthly,30.95
0761,David Robinson,Monthly,15.85
0762,Alta Klotz,Monthly,11.46
0763,Genevieve Peterson,Monthly,28.31
0764,Margie Bermeo,Weekly,44.15
0765,Damon Lessard,Weekly,0.72
0766,Frances Ayers,Lifetime,40.85
0767,Mary Landa,Annually,36.84
0768,Rosa Plummer,Monthly,5.21
0769,Kevin Thomas,Semi-Annually,14.09
0770,Bernard Seay,Annually,3.62
0771,William Mcdaniel,Weekly,7.5
0772,Jean Lundquist,Monthly,26.63
0773,Sarah Jones,Lifetime,6.26
0774,Bessie Guertin,Weekly,20.05
0775,Marissa Lennon,Semi-Annually,40.32
0776,Terry Williams,Weekly,33.67
0777,Michael Lara,Monthly,4.07
0778,Jeremiah Schroeder,Annually,6.78
0779,Willie Giorgio,Monthly,24.69
0780,Bernard Rico,Annually,15.3
0781,Kristopher Darcangelo,Annually,11.72
0782,Kelli Vincent,Semi-Annually,25.38
0783,Janine Eisenhauer,Lifetime,10.1
0784,Melanie Martin,Monthly,19.62
0785,Kenyatta Stafford,Semi-Annually,4.76
0786,Franklin Clark,Annually,14.61
0787,Cindy Funderburk,Weekly,9.58
0788,Cecilia Hall,Semi-Annually,4.93
0789,Joyce Ellithorpe,Semi-Annually,13.17
0790,Melanie Martin,Monthly,19.62
0791,Rhea Mayfield,Monthly,15.02
0792,Irma Sanders,Annually,10.85
0793,Jeanne Troke,Annually,55.85
0794,Nora Scott,Weekly,5.28
0795,Kay Buono,Weekly,2.25
0796,James Johnson,Semi-Annually,34.17
0797,Betty Thomsen,Monthly,34.62
0798,Ruth Wisner,Semi-Annually,15.1
0799,Joseph Revalee,Monthly,10.57
0800,Andy Mckever,Weekly,26.58
0801,Michael Wilder,Lifetime,14.22
0802,Hollie Andrews,Monthly,10.42
0803,Rose Campbell,Annually,17.71
0804,Jon Rine,Annually,18.05
0805,Gary Mayo,Monthly,26.17
0806,Constance Myers,Monthly,12.98
0807,Pamela Riddle,Monthly,26.25
0808,Olivia Adams,Weekly,29.74
0809,Margaret Pohlman,Weekly,12.6
0810,Elsie Mckenzie,Monthly,3.1
0811,Yolanda Jackson,Semi-Annually,7.78
0812,Angela Bailey,Lifetime,7.83
0813,Wayne Follmer,Weekly,2.41
0814,Shantelle Petterson,Monthly,6.12
0815,Derrick Doggett,Monthly,19.24
0816,Nancy Keats,Weekly,6.71
0817,Gary Saeler,Monthly,5.03
0818,Melissa Mchenry,Semi-Annually,15.65
0819,Thomas Bailey,Monthly,2.08
0820,Elaine Lawrence,Annually,17.72
0821,John Lopez,Semi-Annually,3.87
0822,Mark Lee,Lifetime,1.16
0823,Lillian Taylor,Weekly,21.4
0824,Lisa Roberts,Weekly,32.3
0825,Gwendolyn Laramee,Annually,17.59
0826,Cora Jones,Monthly,14.51
0827,Patrick Scott,Annually,41.1
0828,Stephen Snell,Annually,28.84
0829,Barbara Anderson,Weekly,11.46
0830,Marvin Summers,Monthly,2.21
0831,Anthony Raver,Weekly,26.93
0832,Dixie Black,Semi-Annually,10.06
0833,Angela Waters,Semi-Annually,35.18
0834,Janet Lowery,Annually,9.8
0835,Nelda Brox,Monthly,13.94
0836,David Moore,Monthly,7.47
0837,Deborah Malone,Semi-Annually,0.88
0838,Rafaela Gagnon,Annually,7.96
0839,Donna Milligan,Weekly,0.24
0840,Debra Norman,Weekly,35.22
0841,Greg Satterthwaite,Lifetime,27.15
0842,Joseph Wilson,Weekly,17.79
0843,Douglas Mcmaster,Weekly,9.74
0844,Diane Perez,Weekly,6.59
0845,Kirk Rodgers,Monthly,4.67
0846,Dennis Fredrick,Annually,14.75
0847,Kathleen Pierce,Semi-Annually,3.1
0848,Gene Gaietto,Monthly,5.78
0849,Una Monday,Lifetime,16.29
0850,Ernest Archibald,Monthly,10.12
0851,John Clark,Semi-Annually,6.49
0852,Connie Witherspoon,Annually,25.22
0853,Ellis Schnakenberg,Annually,12.59
0854,Jewel Knaub,Monthly,6.55
0855,Keesha Wills,Monthly,0.7
0856,Shane Puckett,Weekly,26.8
0857,Richard Roeger,Monthly,11.53
0858,Gloria Foote,Annually,42.0
0859,Mary Totaro,Lifetime,41.32
0860,Antonia Casano,Monthly,0.52
0861,Philip Duckworth,Semi-Annually,4.57
0862,John Hawks,Semi-Annually,30.41
0863,Anthony Hummer,Annually,13.43
0864,Jeffrey Loynes,Annually,2.33
0865,Philip Clauss,Monthly,9.65
0866,Mary White,Semi-Annually,7.58
0867,Alex Scott,Lifetime,28.15
0868,Mary Womack,Annually,15.2
0869,Opal Patrick,Annually,22.78
0870,Christopher Olson,Lifetime,16.59
0871,Yesenia Kemp,Semi-Annually,10.35
0872,Cory Preece,Weekly,15.44
0873,Diana Addleman,Monthly,4.27
0874,Daniel Jones,Semi-Annually,0.19
0875,Myrtle Kolb,Monthly,6.07
0876,Louise Gerald,Weekly,7.77
0877,Stephen Horton,Weekly,12.42
0878,Henry Strack,Annually,13.32
0879,Andrew Valdez,Lifetime,10.27
0880,Norman Lowe,Monthly,0.86
0881,Tony Larson,Monthly,10.52
0882,Joe Sheldon,Weekly,21.88
0883,Walter Grimes,Monthly,12.83
0884,Maria German,Weekly,24.33
0885,Alfred Wilkerson,Monthly,18.66
0886,Opal Cassidy,Lifetime,16.91
0887,Rosemarie Lutes,Monthly,18.44
0888,Eric Weaver,Semi-Annually,19.33
0889,Walter Brown,Weekly,1.75
0890,Peter Vasquez,Weekly,3.98
0891,Chad Sells,Annually,3.77
0892,Jennifer Siskin,Annually,0.36
0893,Lisa Mclellan,Weekly,3.12
0894,Janice Resendez,Weekly,29.15
0895,Michael Wyatt,Weekly,20.17
0896,Michael Snow,Annually,11.39
0897,Michael Coleman,Lifetime,19.29
0898,Theresa Eudy,Annually,3.97
0899,Benjamin Luong,Lifetime,23.29
0900,Roger Thompson,Semi-Annually,8.11
0901,James Self,Semi-Annually,2.97
0902,Alan Atkins,Weekly,6.56
0903,Brian Hunt,Annually,4.0
0904,Robert Bartholomew,Semi-Annually,0.34
0905,Felix Stewart,Weekly,11.57
0906,Janet Sieracki,Lifetime,14.65
0907,Everett Mcdowell,Semi-Annually,1.56
0908,Donna Martone,Lifetime,18.18
0909,Alphonso Moseley,Lifetime,1.56
0910,Reginald Sasaki,Annually,4.82
0911,Martin Woodley,Lifetime,9.13
0912,Ahmad Fitting,Weekly,26.43
0913,Vanessa Cantin,Annually,44.52
0914,Jose Chipman,Lifetime,14.22
0915,Rhonda Meza,Monthly,39.48
0916,Mary Bud,Lifetime,24.49
0917,Hazel Keller,Lifetime,35.61
0918,Dorian Mitchell,Semi-Annually,41.8
0919,Mary Strawser,Monthly,25.58
0920,Shelia Oconnell,Monthly,18.87
0921,John Stanley,Semi-Annually,11.55
0922,Helen Whitman,Monthly,17.96
0923,Joseph Purdy,Annually,18.47
0924,Patricia Roque,Lifetime,7.58
0925,Gabriel Kelty,Weekly,12.23
0926,Larry Smith,Lifetime,0.7
0927,Ashley Sanchez,Weekly,8.07
0928,Barbara Flowers,Lifetime,8.25
0929,Miguel Mcnear,Semi-Annually,14.3
0930,Dee Steele,Weekly,12.89
0931,Glenn Kadi,Lifetime,13.63
0932,Mark Gibeau,Monthly,18.38
0933,Curtis Gustin,Monthly,6.32
0934,Margie Tassone,Semi-Annually,17.1
0935,Pamela Wallace,Semi-Annually,3.87
0936,Daniel Tan,Weekly,8.09
0937,Jason Dingman,Semi-Annually,11.91
0938,Norma Quincy,Semi-Annually,6.38
0939,Larry Schafer,Annually,16.26
0940,Katherine Carlson,Weekly,22.58
0941,Roosevelt Loynes,Lifetime,9.51
0942,James Stubblefield,Weekly,61.81
0943,Rufus Green,Lifetime,49.46
0944,Marc Johnson,Annually,8.1
0945,Mark Bundren,Lifetime,3.95
0946,Alvin Peters,Lifetime,33.69
0947,Ella Perez,Lifetime,33.97
0948,Lori Howard,Annually,1.77
0949,Julia Oloughlin,Semi-Annually,1.31
0950,Jessica Park,Monthly,27.44
0951,Michelle Harper,Monthly,22.07
0952,Dorothy Rio,Weekly,15.23
0953,Faith Grow,Lifetime,16.52
0954,William Harrison,Semi-Annually,5.88
0955,Peter Kim,Monthly,7.48
0956,David Osborne,Semi-Annually,35.23
0957,Erik Mickle,Lifetime,7.0
0958,Joe Keaton,Weekly,4.36
0959,John Thrower,Lifetime,32.57
0960,Emma Young,Weekly,3.93
0961,Lillian Burford,Annually,13.56
0962,Gary Gordon,Weekly,8.56
0963,Willie Goyco,Monthly,0.43
0964,Linsey Mueller,Monthly,17.21
0965,Marvin Platt,Annually,37.5
0966,Mike Carney,Monthly,7.42
0967,Ebony Ruiz,Annually,1.05
0968,Young Dufault,Annually,7.28
0969,Linda Evans,Weekly,30.55
0970,Sheila Johnson,Weekly,18.44
0971,Charles Blood,Lifetime,8.52
0972,Robert Johns,Lifetime,13.65
0973,Joanne Copeland,Annually,11.6
0974,Maricela Showman,Semi-Annually,2.6
0975,Chad Blecha,Monthly,4.2
0976,Linda Hernandez,Weekly,50.72
0977,Peter Riddick,Weekly,3.54
0978,Paul Ranson,Annually,20.84
0979,Thomas Palmer,Semi-Annually,19.05
0980,Shawn Decastro,Annually,13.31
0981,Reva Farmer,Lifetime,19.02
0982,Leola Weber,Semi-Annually,0.53
0983,Cindy Tyler,Lifetime,8.23
0984,Robert Guerrero,Weekly,34.53
0985,Cedric Mckinnon,Semi-Annually,43.68
0986,Robert Warmbier,Semi-Annually,11.76
0987,Duane Berti,Lifetime,19.9
0988,German Kachmarsky,Semi-Annually,11.81
0989,Jan Lowenstein,Semi-Annually,26.28
0990,Albert Stone,Monthly,18.95
0991,Jeffrey Moss,Monthly,0.72
0992,Georgia Kabel,Monthly,6.68
0993,Timothy Wise,Monthly,4.82
0994,Paul Payne,Annually,30.34
0995,Wanda Allen,Annually,16.91
0996,Thomas Mclean,Semi-Annually,1.87
0997,Malcolm Spiker,Annually,16.25
0998,Gerald Ross,Monthly,2.56
0999,Edward Kahill,Annually,23.36
1000,Stephen Bennett,Weekly,13.55
1001,Erlinda Mcmillan,Weekly,12.67
1002,Antonio Crawford,Lifetime,16.84
1003,William Montes,Weekly,17.25
1004,Raul Driscoll,Monthly,22.33
1005,Dorothy Burns,Monthly,26.44
1006,Diane Brown,Annually,22.43
1007,Idella Sudbury,Annually,4.42
1008,Ervin Jackson,Weekly,13.69
1009,Zachary Boggs,Annually,24.32
1010,Herbert Baker,Weekly,7.65
1011,Mary Campbell,Weekly,43.61
1012,Frances Foster,Semi-Annually,26.3
1013,Stephen Daniel,Monthly,34.91
1014,Frank Tolbert,Semi-Annually,1.68
1015,Louis Johnston,Semi-Annually,16.38
1016,Gustavo Adams,Semi-Annually,23.79
1017,Robert Michaels,Annually,15.29
1018,James Fraizer,Annually,1.66
1019,Daniel Leduc,Weekly,18.64
1020,Dorothy Peterson,Semi-Annually,8.93
1021,Nathan Cushman,Weekly,15.19
1022,Richard Masciantonio,Semi-Annually,58.96
1023,Lorenzo Best,Monthly,19.69
1024,Daryl Mcfarlane,Semi-Annually,21.26
1025,Rochelle Mckee,Monthly,21.42
1026,Eunice Hains,Annually,46.88
1027,Alexis Carlsen,Semi-Annually,7.33
1028,Holly Allen,Monthly,31.14
1029,Jeffrey Smith,Annually,15.2
1030,Lori Moritz,Monthly,35.23
1031,Stephen Moore,Semi-Annually,10.97
1032,James Steward,Annually,15.17
1033,Cheryl Martines,Lifetime,18.3
1034,Annette Brink,Lifetime,16.67
1035,Michelle Linney,Weekly,20.81
1036,Laura Binion,Semi-Annually,30.33
1037,Chris Jones,Annually,8.8
1038,Rosalind Peterson,Monthly,33.93
1039,Pamela Bigelow,Weekly,1.84
1040,Joseph Garcia,Weekly,32.43
1041,Patricia Jenkins,Monthly,0.26
1042,Julie Salazar,Monthly,40.01
1043,Richard Mull,Lifetime,15.0
1044,Carrie Leon,Semi-Annually,8.56
1045,Nancy Saults,Annually,8.83
1046,Lillian Selkirk,Semi-Annually,40.97
1047,Irene Stutz,Monthly,1.6
1048,Craig Anderson,Monthly,30.16
1049,Patricia Wilson,Annually,41.83
1050,Shaun Weber,Annually,27.68
1051,Tony Roberts,Semi-Annually,27.3
1052,David Weeks,Monthly,0.24
1053,Otis Jones,Monthly,27.51
1054,Charles Glover,Semi-Annually,25.94
1055,Gene Bergman,Lifetime,12.87
1056,Charles Sears,Annually,8.57
1057,Margaret Clinton,Annually,37.26
1058,Teresa Eccleston,Annually,4.94
1059,Michael Lairy,Semi-Annually,10.01
1060,David Loth,Semi-Annually,8.26
1061,Adrienne Stitt,Weekly,11.7
1062,Melanie Martin,Monthly,19.62
1063,Andrew Noyes,Lifetime,18.57
1064,Dawn Haro,Monthly,13.2
1065,John Prewitt,Semi-Annually,29.77
1066,Joseph Johnson,Weekly,9.07
1067,Lila Church,Annually,7.16
1068,Rodney Hamelin,Semi-Annually,4.52
1069,Josephine Hawkins,Lifetime,9.35
1070,Gregory Solomons,Monthly,18.28
1071,Joan Detwiler,Lifetime,14.54
1072,Jeffery Perez,Semi-Annually,9.6
1073,Allison Eaker,Lifetime,15.08
1074,John Wilson,Monthly,11.23
1075,Kim Johnsen,Semi-Annually,27.88
1076,Todd Montoya,Weekly,0.66
1077,Tanya Finnegan,Monthly,3.89
1078,Phyllis Johns,Monthly,3.07
1079,Roy Hargett,Monthly,9.01
1080,David Garcia,Monthly,24.51
1081,Ann Wilt,Monthly,1.05
1082,Maria Saltzman,Lifetime,23.66
1083,Robert Metzler,Semi-Annually,11.67
1084,Veronica Bailey,Annually,14.81
1085,Karen Welker,Annually,6.58
1086,Lillian Amidon,Monthly,15.78
1087,Bonnie Holland,Monthly,0.05
1088,Stephen Avila,Annually,16.59
1089,Nellie Christou,Annually,7.5
1090,Betty Smith,Lifetime,13.22
1091,Paul Ybarra,Monthly,15.09
1092,Sean Spencer,Semi-Annually,21.39
1093,Chester Nunez,Lifetime,17.91
1094,Charlene Hansen,Lifetime,4.72
1095,Velma Barham,Monthly,21.22
1096,Elizabeth Celadon,Monthly,16.14
1097,Velma Solis,Semi-Annually,8.17
1098,Harold Gowen,Weekly,6.94
1099,Gale Cermeno,Lifetime,26.14
1100,Ruth Chu,Monthly,5.06
1101,Johnny Chacko,Lifetime,0.96
1102,Valarie Mulholland,Semi-Annually,7.3
1103,Eva Williams,Weekly,1.48
1104,Carmen Daggett,Annually,1.48
1105,Renata Cabezas,Semi-Annually,10.59
1106,Daniel Gurley,Semi-Annually,18.41
1107,Alan Orndorff,Semi-Annually,25.52
1108,Patsy Lovern,Weekly,12.46
1109,Nancy Dillard,Annually,18.62
1110,Adam Ross,Semi-Annually,20.47
1111,Quincy Mcrae,Monthly,0.43
1112,Barbara Bourgeois,Annually,24.69
1113,Lora Underwood,Semi-Annually,12.12
1114,Audrey Jackson,Monthly,3.88
1115,Meghan Potter,Lifetime,14.18
1116,Freddy Magee,Annually,41.0
1117,Rochelle Mckee,Monthly,21.42
1118,Patricia Song,Annually,11.56
1119,Christopher Perry,Annually,38.2
1120,John Robertson,Monthly,12.8
1121,Blanche Brothers,Annually,1.34
1122,William Thorn,Lifetime,8.67
1123,Carolyn Long,Lifetime,20.64
1124,Annie Fisher,Monthly,11.02
1125,Rebecca Barker,Lifetime,29.2
1126,Geraldine Brooks,Semi-Annually,30.73
1127,Clifton Satcher,Annually,6.96
1128,Ernest Shoemaker,Monthly,9.12
1129,Amy Brown,Semi-Annually,32.55
1130,Alicia Daugherty,Monthly,1.55
1131,Lynn Behrmann,Semi-Annually,0.14
1132,Alfred Grim,Lifetime,59.66
1133,Alisa Hill,Semi-Annually,43.14
1134,Charles Robertson,Semi-Annually,0.54
1135,Gil Thomas,Monthly,40.77
1136,Christopher Harvey,Semi-Annually,14.02
1137,Amy Rivas,Weekly,41.2
1138,Leona Mccoy,Semi-Annually,4.86
1139,Johnny Smith,Semi-Annually,12.25
1140,Carie Thompson,Weekly,26.48
1141,Celia Timmons,Weekly,17.25
1142,Natasha Harris,Semi-Annually,5.35
1143,Theresa Lombardi,Annually,42.4
1144,David Cohen,Monthly,12.0
1145,Ashley Blount,Monthly,10.29
1146,Elizabeth Robards,Weekly,42.89
1147,Lisa Hall,Annually,22.4
1148,Kenneth Keys,Lifetime,23.65
1149,Roger Routt,Annually,8.01
1150,Michael Crowe,Monthly,28.53
1151,Sarah Armstrong,Annually,25.08
1152,William Barrett,Weekly,29.05
1153,Clarence Peck,Monthly,9.25
1154,Aaron Dukes,Monthly,19.31
1155,Carroll Weatherly,Semi-Annually,43.94
1156,Frances Thalls,Monthly,0.08
1157,Wilma Walker,Monthly,22.49
1158,Aaron Murray,Semi-Annually,40.74
1159,Jessica Cox,Annually,1.06
1160,Adrienne Jenkins,Annually,14.44
1161,Natalie Bray,Lifetime,41.66
1162,Leroy Rothe,Monthly,8.92
1163,James Cornelius,Lifetime,6.93
1164,Robert Lester,Semi-Annually,4.95
1165,Sarah Sanchez,Semi-Annually,12.58
1166,John Crum,Semi-Annually,12.78
1167,Robert Silcox,Monthly,7.42
1168,Louis Lagasse,Monthly,11.74
1169,Margarita Hunt,Annually,30.98
1170,Michael Garcia,Monthly,1.06
1171,Virginia Jarvis,Annually,5.46
1172,Stuart Downing,Monthly,33.71
1173,Mason Ferrante,Annually,42.16
1174,Alberta Michalski,Lifetime,6.78
1175,Lois Leyrer,Monthly,28.87
1176,Charles Unrein,Semi-Annually,11.89
1177,Ruby Kane,Lifetime,0.54
1178,Silvia Peterson,Semi-Annually,16.13
1179,Gayle Gallon,Weekly,36.8
1180,Charles Durisseau,Semi-Annually,25.49
1181,Rhonda Tomblin,Monthly,9.51
1182,James Hayes,Monthly,15.98
1183,Marilyn Cooper,Monthly,6.62
1184,Micheal Ramires,Annually,21.35
1185,Colleen Carver,Monthly,17.68
1186,Nancy Miller,Weekly,7.62
1187,Lyn Grant,Monthly,16.83
1188,Stella Moore,Semi-Annually,14.68
1189,Myrtle Sauders,Annually,12.88
1190,Helen Uhl,Monthly,15.74
1191,Shirley Allen,Monthly,2.49
1192,Melvin Bock,Lifetime,7.27
1193,Samuel Wahba,Annually,34.71
1194,Veronica Richardson,Weekly,5.52
1195,Hope Adams,Monthly,32.73
1196,Albert Wood,Annually,7.88
1197,Charles Manning,Lifetime,17.95
1198,Carlton Carrico,Annually,25.86
1199,Ryan Nash,Weekly,22.81
1200,Richard Cherubino,Weekly,5.4
1201,Sandy Horton,Monthly,15.33
1202,Elizabeth Conklin,Lifetime,15.5
1203,Jeff Gunn,Monthly,7.53
1204,Carmen Perine,Monthly,25.75
1205,Ruth Tobin,Weekly,27.66
1206,Sandra Hayden,Lifetime,6.29
1207,Dale Arment,Annually,34.0
1208,Michael Beals,Annually,18.38
1209,Sandra Dixon,Semi-Annually,22.81
1210,Louis Avery,Monthly,5.1
1211,Gladys Gardner,Lifetime,6.61
1212,Deborah Sherman,Monthly,5.47
1213,William Cusson,Annually,35.82
1214,Tammy Keppler,Annually,4.59
1215,Timothy Kluz,Lifetime,4.23
1216,Margaret Carrasco,Monthly,0.34
1217,Margarita Mason,Semi-Annually,45.5
1218,Doris Pyanowski,Monthly,5.08
1219,Marie Shell,Weekly,0.03
1220,Jennifer Muniz,Semi-Annually,37.13
1221,Bryan Bruce,Semi-Annually,0.44
1222,Santiago Roher,Weekly,5.78
1223,Minnie Lockwood,Lifetime,38.94
1224,Juan Walker,Lifetime,34.91
1225,Willie Heft,Weekly,2.9
1226,Jason Hansen,Annually,19.03
1227,Clinton Mak,Annually,27.57
1228,Donna Kim,Semi-Annually,4.56
1229,Melissa Ross,Monthly,8.08
1230,Ellis Buckles,Semi-Annually,5.93
1231,Jonathan Smith,Annually,10.27
1232,Tammy Johnson,Monthly,11.37
1233,Amanda Watson,Weekly,26.97
1234,Leroy Vale,Monthly,5.95
1235,Frank Wren,Weekly,44.31
1236,Robert Caplinger,Monthly,1.82
1237,Tiffany Dagostino,Annually,24.7
1238,Christopher Lewis,Monthly,10.34
1239,Sonia Wassinger,Lifetime,19.99
1240,Marian Lang,Lifetime,1.44
1241,Mildred Janak,Annually,0.39
1242,Darla Sifuentes,Annually,17.73
1243,Regina Comer,Semi-Annually,8.5
1244,Trena White,Annually,3.98
1245,James Wade,Semi-Annually,14.71
1246,Felipa Kelly,Annually,32.39
1247,Margaret Eberle,Annually,7.17
1248,Charlene Crabtree,Annually,6.0
1249,Ruth Campbell,Annually,7.11
1250,James Rodriquez,Annually,6.42
1251,Bernice Faulkner,Lifetime,7.69
1252,Carolyn Villatora,Semi-Annually,20.74
1253,Michael Wray,Annually,23.85
1254,Linda Null,Monthly,4.66
1255,Donald Estwick,Lifetime,15.76
1256,Jean Brown,Weekly,4.06
1257,Robbie Mcalvain,Weekly,20.09
1258,Irving Picklesimer,Lifetime,6.01
1259,Adam Davison,Weekly,9.32
1260,Jacklyn Escobedo,Annually,33.6
1261,Whitney Lowin,Lifetime,26.17
1262,Beatrice Luper,Weekly,7.92
1263,Mark Spear,Monthly,2.65
1264,Matthew Floyd,Monthly,0.74
1265,Goldie Dillard,Semi-Annually,6.23
1266,Sterling Anyan,Annually,33.19
1267,Brian Jones,Lifetime,4.91
1268,William Miller,Semi-Annually,44.39
1269,Karen Lyles,Weekly,4.18
1270,Andrew Bivins,Weekly,6.46
1271,Verena Contreras,Lifetime,26.59
1272,Pat Burt,Weekly,26.39
1273,Carmen Tom,Weekly,10.33
1274,James Lanning,Weekly,6.21
1275,Donna Smothers,Semi-Annually,18.28
1276,Carol Arnold,Semi-Annually,45.64
1277,Carole Welch,Monthly,21.53
1278,Judith Moran,Annually,5.6
1279,Martha Oliver,Lifetime,14.5
1280,Harold Ottesen,Annually,27.82
1281,Monty Gibson,Semi-Annually,39.91
1282,Lola Hampton,Monthly,11.78
1283,Judith Clark,Semi-Annually,8.66
1284,Joanne Prudhomme,Semi-Annually,31.71
1285,Edwin Schnipper,Monthly,22.95
1286,Susan Phillips,Monthly,12.79
1287,Cynthia Laird,Semi-Annually,0.35
1288,Tanya Hart,Lifetime,8.72
1289,Mary Dean,Semi-Annually,28.89
1290,Carole Brown,Monthly,32.42
1291,Josephine Christ,Lifetime,0.73
1292,Maggie Chisum,Annually,4.52
1293,Samuel Craig,Semi-Annually,47.99
1294,Donna Yount,Semi-Annually,7.72
1295,Richard Mauro,Monthly,9.15
1296,Patricia Pemberton,Annually,15.8
1297,Cody Seumanu,Monthly,11.16
1298,Thomas Freeman,Monthly,16.93
1299,Lois Crowder,Lifetime,28.43
1300,James Lopez,Monthly,20.04
1301,Kathleen Walker,Weekly,14.02
1302,Sammie Koch,Monthly,5.11
1303,Robert Sanders,Lifetime,0.73
1304,Tammara Eden,Weekly,8.61
1305,John Poncio,Semi-Annually,21.78
1306,Azalee Bieker,Weekly,53.56
1307,Donna Carter,Semi-Annually,7.13
1308,Vernell Sanchez,Weekly,7.7
1309,Joseph Patrick,Weekly,6.23
1310,Jenifer Policare,Semi-Annually,4.17
1311,John Morgen,Weekly,23.74
1312,Katherine Estrada,Weekly,3.59
1313,Sharon Brown,Monthly,8.12
1314,Donna Okura,Lifetime,6.77
1315,Paula Buell,Weekly,28.06
1316,Tamatha Chrisman,Weekly,19.42
1317,Chris Buitron,Annually,12.5
1318,Alexander Jensen,Weekly,10.8
1319,Jimmy Robertson,Annually,12.54
1320,Gary Filmore,Monthly,10.18
1321,Cynthia Madison,Annually,22.53
1322,Eleanor Schoeneck,Weekly,30.72
1323,Ernest Shupe,Weekly,22.96
1324,Sarah Presto,Lifetime,21.54
1325,Patricia Hill,Annually,14.79
1326,Carlos Wallace,Annually,3.34
1327,Nancy Moffett,Weekly,20.48
1328,William Pushard,Annually,22.43
1329,Sharon Harrell,Monthly,23.55
1330,Evelyn Votaw,Annually,25.34
1331,Leroy Henry,Monthly,7.5
1332,Nancy Thompson,Semi-Annually,11.62
1333,Rene Barnes,Monthly,0.51
1334,Bette Swearingen,Annually,5.75
1335,Robert Johnson,Weekly,12.43
1336,Sara Painter,Annually,35.44
1337,Elaine Nyquist,Lifetime,24.31
1338,Tracey Wilkinson,Annually,30.83
1339,Paul Pfeffer,Lifetime,24.55
1340,Maureen Hayes,Monthly,23.51
1341,Salley Albert,Annually,13.61
1342,Jennifer Banks,Weekly,15.03
1343,Genevieve Tilman,Monthly,3.42
1344,Jamie Haynes,Monthly,15.46
1345,Herbert Stahlberg,Annually,14.28
1346,Leeanna Maha,Weekly,11.25
1347,Sarah York,Semi-Annually,22.93
1348,Laura Sardi,Monthly,16.28
1349,Sherri Robinson,Semi-Annually,11.23
1350,William Howard,Weekly,31.69
1351,Michael Dwyer,Lifetime,6.4
1352,Gloria Rutherford,Weekly,40.61
1353,Gene Tinsley,Semi-Annually,10.23
1354,Robert Donalson,Lifetime,1.07
1355,Dennis Jackson,Lifetime,8.18
1356,Gabriel Swalley,Semi-Annually,1.17
1357,Jacob Yeah,Lifetime,20.22
1358,Lavenia Farinas,Lifetime,2.03
1359,Laci Pybus,Monthly,19.09
1360,Bobbie Pickett,Semi-Annually,10.78
1361,John Perez,Semi-Annually,3.59
1362,Jonathan Nash,Monthly,13.83
1363,Lauren Dammann,Monthly,23.42
1364,Angela Perry,Annually,27.07
1365,Catherine Brown,Weekly,7.87
1366,Rochelle Mckee,Monthly,21.42
1367,James Pena,Lifetime,1.75
1368,Tomiko Sullivan,Semi-Annually,15.14
1369,Melanie Martin,Monthly,19.62
1370,Nelson Chang,Annually,30.57
1371,Lynn Wood,Lifetime,21.39
1372,Barbra Happel,Semi-Annually,25.26
1373,Jeremy Barnes,Monthly,7.41
1374,Gary Mullen,Annually,19.45
1375,Gary Krueger,Weekly,26.79
1376,Patrick Mason,Monthly,6.64
1377,Karen Selby,Lifetime,10.09
1378,Erik Mickle,Lifetime,7.0
1379,Amy Gurule,Annually,11.29
1380,Mary Pitts,Lifetime,44.54
1381,Nigel Sanchez,Weekly,4.49
1382,Toni Phaneuf,Weekly,5.71
1383,Richard Speer,Annually,7.33
1384,Timothy Johnson,Annually,0.95
1385,Ana Bauer,Lifetime,52.55
1386,Mary Somers,Semi-Annually,11.53
1387,John Strebe,Weekly,5.43
1388,John Bussard,Annually,14.56
1389,Antoine Stuart,Weekly,20.93
1390,Joseph Porter,Annually,13.54
1391,John Jones,Semi-Annually,45.51
1392,Christopher Bristol,Lifetime,1.57
1393,Linwood Alam,Annually,30.85
1394,Carol Campbell,Monthly,22.92
1395,Kathy Hacker,Lifetime,20.88
1396,Sophia Pounds,Lifetime,7.87
1397,Raymond Armijo,Monthly,20.51
1398,James Kinsey,Annually,16.38
1399,April Harvey,Weekly,2.65
1400,Brian King,Lifetime,31.06
1401,John English,Annually,17.94
1402,Michael Lim,Lifetime,20.37
1403,Joann Mcpeak,Annually,14.6
1404,Martha Simmering,Lifetime,8.81
1405,Darlene Riendeau,Weekly,3.24
1406,John Russ,Annually,31.4
1407,Kathleen Fletcher,Annually,41.18
1408,Kristi Didonna,Weekly,0.83
1409,Donna Paschal,Monthly,10.15
1410,Sean Hansen,Semi-Annually,7.1
1411,Tim Thomas,Monthly,20.82
1412,Christopher Jasso,Weekly,14.38
1413,Susan Bergstrom,Monthly,22.54
1414,Jessie Henry,Weekly,7.41
1415,Gloria Jonas,Annually,1.89
1416,Homer Scott,Semi-Annually,29.35
1417,Christopher Vinci,Weekly,7.34
1418,Clinton Leake,Weekly,13.15
1419,Beth Thomlinson,Monthly,19.35
1420,Mary Martinez,Weekly,1.19
1421,Desiree Boozer,Lifetime,8.45
1422,Monique Ford,Weekly,3.66
1423,Jonathan Paton,Monthly,30.47
1424,Donald Henry,Lifetime,3.14
1425,Sandra Cooper,Semi-Annually,7.11
1426,Philip Rivera,Annually,17.47
1427,Todd Coone,Lifetime,27.7
1428,Teresa Harris,Annually,34.0
1429,Anna Grambo,Semi-Annually,3.6
1430,Tina Burks,Semi-Annually,26.64
1431,Ruth Sullivan,Semi-Annually,0.79
1432,Bertha Whitesell,Annually,0.62
1433,Oscar Shick,Weekly,15.87
1434,Bradley Johnson,Semi-Annually,8.94
1435,Deborah Gorman,Annually,7.39
1436,Ahmed Bowen,Monthly,2.8
1437,Raymond Westfall,Semi-Annually,40.02
1438,Margie Quintero,Monthly,16.73
1439,Edward Burton,Lifetime,44.92
1440,Frank Caldwell,Semi-Annually,8.75
1441,Tara Gates,Lifetime,23.57
1442,Charles Yates,Monthly,9.07
1443,Michelle Meeker,Semi-Annually,15.57
1444,Geraldine Tremblay,Semi-Annually,3.81
1445,Marjorie Peel,Annually,22.38
1446,James Guedry,Annually,33.15
1447,Susan Lozano,Annually,0.1
1448,Richard Dietz,Semi-Annually,11.46
1449,Josef Singleton,Lifetime,6.45
1450,Donna Sadler,Weekly,26.22
1451,John Hartford,Weekly,11.97
1452,Thomas Hayter,Weekly,6.6
1453,Eleanor Church,Monthly,30.16
1454,Kellie Brown,Monthly,1.23
1455,Christopher Giannavola,Annually,18.89
1456,Tabitha Shore,Annually,19.86
1457,Joel Anderson,Annually,12.27
1458,Robert Poole,Weekly,6.56
1459,Erin Lathan,Monthly,18.61
1460,Joel Aline,Monthly,2.98
1461,Alex Spangler,Monthly,20.38
1462,Patrice Johnson,Monthly,2.09
1463,Joe Bond,Semi-Annually,10.52
1464,Sidney Hollander,Annually,51.27
1465,Kathryn Bowman,Lifetime,17.29
1466,Stephen Seit,Annually,14.73
1467,Daren Tilley,Monthly,1.69
1468,Misty Mccool,Lifetime,3.03
1469,Daniel Spease,Semi-Annually,28.0
1470,Gladys Regalado,Monthly,7.03
1471,Margret Saxton,Monthly,1.34
1472,Johnna Lane,Lifetime,16.97
1473,Melinda Cooper,Semi-Annually,4.84
1474,Carmen Yates,Weekly,22.59
1475,Susan Padgett,Annually,4.09
1476,Virginia Cortez,Monthly,17.46
1477,Richard Wylie,Monthly,4.22
1478,Wendy Cha,Annually,9.04
1479,Thelma Griggs,Weekly,24.77
1480,Sharonda Hurst,Monthly,11.25
1481,James Catron,Semi-Annually,28.85
1482,Stephanie Terry,Monthly,4.62
1483,Kathleen Bordner,Semi-Annually,13.21
1484,Deborah Loney,Annually,16.11
1485,Lena Turman,Semi-Annually,22.01
1486,Lesley Thomas,Semi-Annually,8.57
1487,Lydia Marsh,Semi-Annually,15.59
1488,Randy Vanderpool,Semi-Annually,17.16
1489,Troy Mead,Weekly,31.05
1490,Linda Faison,Semi-Annually,45.76
1491,Frank King,Semi-Annually,6.75
1492,Heather Allen,Annually,1.57
1493,Vanessa Brooks,Annually,4.79
1494,Walter Solis,Semi-Annually,6.21
1495,Paul Williams,Weekly,6.08
1496,Patricia Prehn,Annually,12.11
1497,Sara Nelson,Annually,14.51
1498,Robert Kolb,Weekly,14.53
1499,Robin Christiansen,Lifetime,12.28
1500,Jessica Goshay,Annually,22.48
