PublisherID,PublisherName
001,Jessica Bannister Publishers
002,Jessica Anderson Publishers
003,James Wakefield Publishers
004,Camille Beebe Publishers
005,Don Dolfi Publishers
006,Dale Baldwin Publishers
007,William Harvey Publishers
008,John Windsor Publishers
009,Mitzi Lawrence Publishers
010,Juanita Delaine Publishers
011,Antonio Paige Publishers
012,Patricia Robinson Publishers
013,Katherine Baker Publishers
014,Joyce Hodges Publishers
015,Ann Simmons Publishers
016,Emma Jobe Publishers
017,Britt Curtin Publishers
018,Jame Clark Publishers
019,Jason Emery Publishers
020,Colleen Kath Publishers
021,Jose Avelar Publishers
022,Casey Hoyt Publishers
023,Joel Gomez Publishers
024,Gary Ford Publishers
025,Elizabeth Reeves Publishers
026,Bell Harris Publishers
027,Andrew Clark Publishers
028,Elfriede Gonzalez Publishers
029,Michael Shaw Publishers
030,Caron Harper Publishers
031,Alice Sanchez Publishers
032,Michael Madry Publishers
033,David Kratz Publishers
034,Loretta Haygood Publishers
035,Gerald Austin Publishers
036,Richard Lyons Publishers
037,Charles Campbell Publishers
038,Abel Farmer Publishers
039,Thomas Ramirez Publishers
040,Frank Valdez Publishers
041,Paige Henderson Publishers
042,Veronica Gasiewski Publishers
043,Caroline Stpierre Publishers
044,Virginia Davis Publishers
045,Milton Mickelson Publishers
046,Elizabeth Castro Publishers
047,Paul Arndt Publishers
048,Angeline Mason Publishers
049,Larry Wright Publishers
050,Bruce Mikasa Publishers
051,Silas Pino Publishers
052,Ted Bishop Publishers
053,Heather Krumholz Publishers
054,Christopher Stai Publishers
055,James Barker Publishers
056,Cynthia Farris Publishers
057,Albert Sheppard Publishers
058,Julie Rykaczewski Publishers
059,Mark Dixon Publishers
060,Jane Duckett Publishers
061,Kimberly Perry Publishers
062,Aldo Scott Publishers
063,Sergio Robinson Publishers
064,Adele Curd Publishers
065,Mollie Delrio Publishers
066,Neil Marrero Publishers
067,Piedad Dumas Publishers
068,Roger Trotter Publishers
069,Carole Reed Publishers
070,Robby Kroesing Publishers
071,Roger Blaine Publishers
072,Robin Lozano Publishers
073,Richard Acosta Publishers
074,Romana Brooker Publishers
075,William Obrien Publishers
076,Michael Oneill Publishers
077,Scott Kadlec Publishers
078,Jeff Lee Publishers
079,Lowell Lemasters Publishers
080,Jared Darragh Publishers
081,John Thornton Publishers
082,Ronnie Heppner Publishers
083,Irene Redmon Publishers
084,Adrian Woodley Publishers
085,Jay Mcconville Publishers
086,Nicholas Hardesty Publishers
087,Florance Bandy Publishers
088,Janet Connell Publishers
089,Daniel Gonzales Publishers
090,Mary Thornton Publishers
091,Richard Cotton Publishers
092,Danny Gooden Publishers
093,Tiffany Hill Publishers
094,Mary Peterson Publishers
095,James Moll Publishers
096,Michael Turnquist Publishers
097,Gwendolyn Martinez Publishers
098,Shannon Blanco Publishers
099,Ernest Kerwin Publishers
100,Herman Wedgeworth Publishers
